{"schemaVersion":"1.0","appDefinitionTemplate":{"id":"/providers/Microsoft.PowerApps/apps/","type":"Microsoft.PowerApps/apps","tags":{"primaryDeviceWidth":"1366","primaryDeviceHeight":"768","sienaVersion":"20211012T112254Z-3.21093.33.0","deviceCapabilities":"","supportsPortrait":"true","supportsLandscape":"true","primaryFormFactor":"Tablet","publisherVersion":"3.21093.33","minimumRequiredApiVersion":"2.2.0","hasComponent":"false","hasUnlockedComponent":"false","isUnifiedRootApp":"false"},"properties":{"appVersion":"2021-10-12T11:22:54Z","lifeCycleId":"Published","createdByClientVersion":{"major":3,"minor":21093,"build":33,"revision":0,"majorRevision":0,"minorRevision":0},"minClientVersion":{"major":3,"minor":21093,"build":33,"revision":0,"majorRevision":0,"minorRevision":0},"backgroundColor":"rgba(102, 113, 166, 1)","backgroundImageUri":"/7400816230388514627/N366a0b5e-5f66-4c6a-a306-9195619a422e-logoSmallFile","displayName":"Menu Creator","description":"","commitMessage":"","appUris":{"documentUri":{"value":"/7400816230388514627/N43aa877d-46ab-4988-8496-6810dc32affa-document.msapp"},"imageUris":[]},"createdTime":"0001-01-01T00:00:00Z","lastModifiedTime":"0001-01-01T00:00:00Z","sharedGroupsCount":0,"sharedUsersCount":0,"icons":{"smallIconUri":"/7400816230388514627/Nacac45a4-4d6a-4136-bd61-a5f305e898f5-small.png","mediumIconUri":"/7400816230388514627/N5fb668f0-7bb8-4626-8464-4e66e0adc559-medium.png","largeIconUri":"/7400816230388514627/Na9a81acb-6d97-48ad-b91b-b351e2a69b0c-large.png","wideIconUri":"/7400816230388514627/N2c805044-c377-49bc-91ee-9c5ea34f52af-wide.png"},"connectionReferences":{},"databaseReferences":{},"almMode":"Environment","performanceOptimizationEnabled":true,"canConsumeAppPass":true,"executionRestrictions":{"isTeamsOnly":false,"dataLossPreventionEvaluationResult":{"status":"Compliant","lastEvaluationDate":"2021-09-15T14:50:23.4431325Z","violations":[],"violationsByPolicy":[],"violationErrorMessage":"The app uses the following connectors: ."}}},"appType":"ClassicCanvasApp","appComponents":[]}}