{"schemaVersion":"1.0","appDefinitionTemplate":{"id":"/providers/Microsoft.PowerApps/apps/","type":"Microsoft.PowerApps/apps","tags":{"primaryDeviceWidth":"1366","primaryDeviceHeight":"768","sienaVersion":"20211012T085843Z-3.21093.33.0","deviceCapabilities":"","supportsPortrait":"true","supportsLandscape":"true","primaryFormFactor":"Tablet","publisherVersion":"3.21093.33","minimumRequiredApiVersion":"2.2.0","hasComponent":"false","hasUnlockedComponent":"false","isUnifiedRootApp":"false"},"properties":{"appVersion":"2021-10-12T08:58:43Z","lifeCycleId":"Published","createdByClientVersion":{"major":3,"minor":21093,"build":33,"revision":0,"majorRevision":0,"minorRevision":0},"minClientVersion":{"major":3,"minor":21093,"build":33,"revision":0,"majorRevision":0,"minorRevision":0},"backgroundColor":"rgba(102, 113, 166, 1)","backgroundImageUri":"/7400816230388514627/N3d6a6ce8-7e03-45d4-bada-1b70f32e01bd-logoSmallFile","displayName":"Menu Creator","description":"","commitMessage":"","appUris":{"documentUri":{"value":"/7400816230388514627/Nca0db654-8cb3-41c5-ba53-b3bbdac74c2e-document.msapp"},"imageUris":[]},"createdTime":"0001-01-01T00:00:00Z","lastModifiedTime":"0001-01-01T00:00:00Z","sharedGroupsCount":0,"sharedUsersCount":0,"icons":{"smallIconUri":"/7400816230388514627/Ndcd7eb7d-b280-475a-9aec-a53d7493f3f1-small.png","mediumIconUri":"/7400816230388514627/N9143463b-a010-411b-bd77-bc86e18cdbe8-medium.png","largeIconUri":"/7400816230388514627/N67df295a-056c-4c86-98c7-ed8896b00214-large.png","wideIconUri":"/7400816230388514627/N35bafe78-ff80-4d58-bcca-9ec39b9dabfe-wide.png"},"connectionReferences":{},"databaseReferences":{},"almMode":"Environment","performanceOptimizationEnabled":true,"canConsumeAppPass":true,"executionRestrictions":{"isTeamsOnly":false,"dataLossPreventionEvaluationResult":{"status":"Compliant","lastEvaluationDate":"2021-09-15T14:50:23.4431325Z","violations":[],"violationsByPolicy":[],"violationErrorMessage":"The app uses the following connectors: ."}}},"appType":"ClassicCanvasApp","appComponents":[]}}