{"schemaVersion":"1.0","appDefinitionTemplate":{"id":"/providers/Microsoft.PowerApps/apps/","type":"Microsoft.PowerApps/apps","tags":{"primaryDeviceWidth":"1366","primaryDeviceHeight":"768","sienaVersion":"20211013T103623Z-3.21093.33.0","deviceCapabilities":"","supportsPortrait":"true","supportsLandscape":"true","primaryFormFactor":"Tablet","publisherVersion":"3.21093.33","minimumRequiredApiVersion":"2.2.0","hasComponent":"false","hasUnlockedComponent":"false","isUnifiedRootApp":"false"},"properties":{"appVersion":"2021-10-13T10:36:23Z","lifeCycleId":"Published","createdByClientVersion":{"major":3,"minor":21093,"build":33,"revision":0,"majorRevision":0,"minorRevision":0},"minClientVersion":{"major":3,"minor":21093,"build":33,"revision":0,"majorRevision":0,"minorRevision":0},"backgroundColor":"rgba(102, 113, 166, 1)","backgroundImageUri":"/7400816230388514627/N4e0e1243-6ff7-4fe7-970c-8102b29eb301-logoSmallFile","displayName":"Menu Creator","description":"","commitMessage":"","appUris":{"documentUri":{"value":"/7400816230388514627/N7acb5790-6c95-4f37-9e49-841766ac4ef2-document.msapp"},"imageUris":[]},"createdTime":"0001-01-01T00:00:00Z","lastModifiedTime":"0001-01-01T00:00:00Z","sharedGroupsCount":0,"sharedUsersCount":0,"icons":{"smallIconUri":"/7400816230388514627/Nffd300d6-aded-4f22-9662-4995da85ae45-small.png","mediumIconUri":"/7400816230388514627/N2e412ed9-2210-4133-9790-a5842e0c5c19-medium.png","largeIconUri":"/7400816230388514627/Nb03666f8-d428-4064-abb8-105beecef9d8-large.png","wideIconUri":"/7400816230388514627/Nb73adf09-fdcb-4eac-a772-dec63db64101-wide.png"},"connectionReferences":{},"databaseReferences":{},"almMode":"Environment","performanceOptimizationEnabled":true,"canConsumeAppPass":true,"executionRestrictions":{"isTeamsOnly":false,"dataLossPreventionEvaluationResult":{"status":"Compliant","lastEvaluationDate":"2021-09-15T14:50:23.4431325Z","violations":[],"violationsByPolicy":[],"violationErrorMessage":"The app uses the following connectors: ."}}},"appType":"ClassicCanvasApp","appComponents":[]}}